,Open,High,Low,Close,Volume
2022-01-01,100.86182780327387,101.18499418001987,100.5528319059767,100.84475104170627,279864
2022-01-02,101.27206727031863,101.6173816762328,100.07789444170812,101.20358801773754,492080
2022-01-03,102.4434985470046,102.55248269209207,102.33805154493145,102.37190705480172,203338
2022-01-04,101.7555777329002,102.17934957121574,101.39079237708776,101.7151443816186,268056
2022-01-05,105.51290393676184,105.95148670340141,105.03136169904184,105.37779168544196,652088
2022-01-06,106.33945700817766,106.71884309505744,106.04183144859476,106.2819771662839,179167
2022-01-07,106.77668219772255,107.81703128495592,106.61225050101854,106.7858892425932,333328
2022-01-08,108.41183294324881,108.41141795112752,107.9159618922374,108.34576111739894,707423
2022-01-09,105.81885401047491,106.0273143720649,105.64237553977317,105.80069650228401,442044
2022-01-10,108.66512901186587,108.63573146491125,107.80195982773131,108.50946849529339,732947
2022-01-11,107.53421823762062,108.27291038226818,107.46347822080801,107.56847171773103,916693
2022-01-12,105.40986692376472,105.90871694691816,105.23198026100211,105.2774315751366,816920
2022-01-13,108.50515880515488,108.84606111625634,107.91504141534035,108.38820872749724,394709
2022-01-14,107.30896420669067,107.43119673235546,106.50106712657735,107.33709012379293,956317
2022-01-15,105.51319193565541,106.2820709363324,105.09166705082633,105.48632612240816,213441
2022-01-16,103.4582315565123,104.19407472027359,102.86699471444595,103.66449540959391,935161
2022-01-17,99.98001542676678,100.81061807946793,99.12197095187376,99.975972215514,445312
2022-01-18,98.24763270160344,99.09355967462862,97.62666462006892,98.08959759812299,518904
2022-01-19,95.74508142388117,95.92320514636629,95.57598410768401,95.68563266471227,271708
2022-01-20,93.4691056913492,94.21486511376757,92.70423885647112,93.53348035121641,540693
2022-01-21,92.11329047103672,92.28764721395464,92.06299162800472,92.11942714471016,890722
2022-01-22,93.56373899476303,93.58698673466982,93.01875680512613,93.57483324317081,535201
2022-01-23,93.19730463186121,93.29140770746804,92.06589385975369,93.10742340230976,544603
2022-01-24,93.36436353248874,93.61914913397105,93.2608453090201,93.36497668556841,648378
2022-01-25,94.69073486792699,95.42787390060917,93.97404757677987,94.57558085344296,685547
2022-01-26,94.43055532904286,95.13456506817225,94.42468810126864,94.44792149456424,965222
2022-01-27,94.13619275157562,95.56562641571168,93.4744654896332,94.10831535373906,951569
2022-01-28,97.26795779944561,97.58484911092363,96.85841992655128,97.17849077127175,935268
2022-01-29,94.75087391406954,94.74178407973397,94.51926824585796,94.67196866956165,573003
2022-01-30,93.26932828658032,93.87321084670276,92.95711600520387,93.1925186565008,360610
2022-01-31,94.21873284423309,94.13891391514048,93.92673185878415,94.12336258930719,478644
2022-02-01,92.24966111174402,92.94145343018448,91.32239700760185,92.30761174582065,823359
2022-02-02,94.39042999935167,94.34035398664759,94.07936708495323,94.31686829400766,319556
2022-02-03,95.96991877930171,96.43505947969916,95.43424839746288,95.95537793642659,713735
2022-02-04,96.47294631756682,96.74314542780247,95.63690609299456,96.37988119477694,669292
2022-02-05,97.67418535780332,98.1458604668538,97.66591544205009,97.68736954998019,607655
2022-02-06,95.75266001506422,96.18470648922366,95.35287600254999,95.88307682871985,501971
2022-02-07,97.35699642473504,97.37784908960519,96.36113852245374,97.24469995115078,388582
2022-02-08,97.83632301568952,98.01646569288256,97.62912601360391,97.9662687961738,193368
2022-02-09,98.83070569187393,99.07739473331394,98.73655117030285,98.74458255313326,771267
2022-02-10,98.47816124881378,99.08518667993891,98.40494254818663,98.57448870864843,947486
2022-02-11,101.2663819761623,102.25203868704507,100.20547862876872,101.43717195865747,506974
2022-02-12,98.73762303854805,99.1348700486065,98.53456678011706,98.6938780015207,909400
2022-02-13,97.91151818070652,98.17731417145953,97.64676473044737,97.86710893547136,692218
2022-02-14,95.64279371591594,95.89996340715571,95.32311059924707,95.82558966372419,272496
2022-02-15,94.09355853205457,94.83072238382853,94.02507231795694,94.10961178202297,213182
2022-02-16,93.40884508795021,94.49466989676291,93.45035002420799,93.47936970761836,259693
2022-02-17,92.50476521313585,92.47127307336231,92.06288468222573,92.43788747407814,821456
2022-02-18,92.38629410637603,92.51590733132052,91.80102649760543,92.41279493174494,456037
2022-02-19,91.42327866649104,91.61801061618141,91.07508984646672,91.35051141593515,256182
2022-02-20,94.91194219140517,95.36269513208397,94.9900223206302,95.01389756608594,909790
2022-02-21,92.18872754850844,92.9386263099916,92.17660299358538,92.29495915212962,772328
2022-02-22,91.8048315687227,92.42248261499871,91.2325363259876,91.8132933169283,468293
2022-02-23,96.50797203400428,97.23602679186193,95.93485494280942,96.4159313643614,430906
2022-02-24,97.41936016362031,97.74364029039663,97.44964113391163,97.49557515821088,198671
2022-02-25,95.20322094761845,95.67424530526773,94.8934048340965,95.33627119892964,244981
2022-02-26,96.82516303207491,97.00909647299765,96.38777337823588,96.72938320547762,784684
2022-02-27,92.97979113860993,93.5130379378835,92.47331330507869,92.84318301700296,737561
2022-02-28,94.15991111721223,94.14586567566454,93.58537230979147,94.10039559536017,265467
2022-03-01,91.61708091938668,92.1359920551909,91.39843973071125,91.44705674797169,186154
2022-03-02,91.36060329594046,91.92654480654497,90.67796581478541,91.44389253585449,303582
2022-03-03,89.90231862119231,90.26315309018396,89.46787571330265,89.82320087103844,191138
2022-03-04,89.55092812457046,90.07577037874356,89.42310904378034,89.45654192536546,580444
2022-03-05,89.533334061461,90.11992747693799,88.87708618778231,89.51674259178179,109673
2022-03-06,88.67756029562295,89.37632993487354,87.89464573680361,88.64418014730227,426579
2022-03-07,88.71249807830026,89.20855319661445,88.39806538541207,88.71305188600218,905651
2022-03-08,88.66295043639143,89.06020295954505,88.02700013608865,88.71294905670285,891857
2022-03-09,91.07807813851132,91.59197638603963,91.07081331823952,91.14160898482031,717340
2022-03-10,91.96101198238826,91.95989430976984,91.7368758449929,91.89085398387363,941023
2022-03-11,92.63949248890505,93.40191777002433,92.3104020553693,92.62646978978051,812515
2022-03-12,92.96859785668158,93.10954036290396,92.4091246611619,92.85291692029274,253209
2022-03-13,94.35667699413335,94.90416750652778,94.2369387853197,94.38610387579816,889703
2022-03-14,94.71836172851536,94.65536324110813,93.93532156245257,94.59159898442587,706176
2022-03-15,96.43470095695,96.57301691409685,95.8096377733348,96.42446983141016,929925
2022-03-16,96.08585451916794,96.28662481523091,95.75564832125434,96.25095060893733,513750
2022-03-17,95.55432588629013,96.6554389270865,95.02958510211731,95.6959919343635,221415
2022-03-18,95.58814120146656,95.91850270950445,94.72664932919206,95.41918356588704,742188
2022-03-19,96.89118762944204,97.73076947008286,96.28911461428446,96.87253367333692,545804
2022-03-20,95.97941534858232,97.00369199321264,94.75971818205876,95.96067144893107,633434
2022-03-21,98.06001639977002,98.57533956518667,97.38924588062677,97.97184733466572,161920
2022-03-22,101.13565815078394,101.78649629857755,100.93480515262186,101.23295843455675,767581
2022-03-23,96.08735566978909,96.34601348670164,95.52387052908847,96.00119993583722,722710
2022-03-24,97.9078609478875,98.03319367646976,97.4016477581278,97.90883067203696,173764
2022-03-25,100.62631381711388,100.7643465289669,99.95277505677872,100.60919070633052,979882
2022-03-26,99.17607479837535,99.4558500992699,98.96086044658023,99.17730951734151,486061
2022-03-27,96.49511017093646,96.36404586690243,95.33826045706607,96.3449437355875,165385
2022-03-28,96.04548491655977,96.3575109369658,95.961660095386,96.14145851039038,646739
2022-03-29,100.6639752779622,101.62381359964864,100.31129818906065,100.697661113364,916324
2022-03-30,100.82967722123206,101.04102356123022,100.06158457841357,100.7434359631849,483336
2022-03-31,101.45752462444166,101.50356819072388,101.27277241611485,101.45172193990402,123704
2022-04-01,102.1549487492093,103.15510768644965,101.75173154324631,102.15665321310341,455714
2022-04-02,101.24525383736312,101.80727111943992,101.18001313607371,101.28004755688187,197159
2022-04-03,103.93957922303272,104.07874734535989,103.2792050294176,103.93201531047298,516485
2022-04-04,105.02279920300647,105.1919705428638,104.8095549805291,105.133632953466,762293
2022-04-05,105.87001562969797,106.99114299597578,105.84471860371387,105.95518931272214,635394
2022-04-06,107.75555537369289,108.0940719671432,107.76750598321951,107.7786906281444,362372
2022-04-07,112.35657828396752,112.57754219180744,111.77527735177684,112.47661624028551,996639
2022-04-08,112.56693257002898,113.00997170696822,112.403929620232,112.4736975151537,623131
2022-04-09,112.47737442004556,112.7318051625863,112.06215107660339,112.48307179353067,325612
2022-04-10,113.36116386756873,113.3935840380785,113.00190633134928,113.36082658980735,464179
2022-04-11,114.45041876976559,114.61684649027403,114.2200702338433,114.33717207532264,609689
2022-04-12,112.7652286858161,113.1525437051212,111.57496956746377,112.87079090549632,297025
2022-04-13,109.33804115913968,109.7319346555008,108.72385295184102,109.27117405768047,700089
2022-04-14,109.43284829022728,110.07735357208709,108.96093207381152,109.5049939689578,721400
2022-04-15,112.39920328207738,112.55431541224846,112.07925237970717,112.40967447289742,831265
2022-04-16,111.84291383988746,112.236913483962,111.48758683116635,111.89955575862005,615120
2022-04-17,112.83492684393515,113.50517648084525,112.8315099628984,112.84463786559118,671930
2022-04-18,111.77264087154087,112.02302760070049,110.78091834109551,111.68531789971878,710851
2022-04-19,117.44775482499921,117.50696347506518,117.34963367832947,117.37203859270105,249395
2022-04-20,120.17843457079852,120.31036515714868,119.99765804089843,120.22388996387745,532289
2022-04-21,121.07478604298568,121.13081156002102,120.43181714230187,121.0744590875602,410535
2022-04-22,123.2405705989378,123.4663512537936,122.92341248379002,123.25780742043364,875739
2022-04-23,121.47865261234924,121.84582227320192,121.40550617792026,121.49331505445087,479183
2022-04-24,126.7681903266712,126.89266184249126,126.67675327241615,126.71322798290659,563559
2022-04-25,131.8524457366199,132.03600702284177,131.59479944229182,131.7743097780582,138741
2022-04-26,131.14466377965942,132.1738229623399,130.4674434803653,131.13796810296063,324157
2022-04-27,130.23008659205829,130.48933429947743,129.98972871442797,130.1179218455037,525018
2022-04-28,132.0192571283581,132.28984058691563,132.16269626089894,132.24536298205294,951444
2022-04-29,133.26021545804417,133.50864660494875,133.16544964272336,133.19573868218168,953291
2022-04-30,136.02865063065207,136.38078538487278,135.7524563345689,136.05896446353805,735287
2022-05-01,136.36520576662338,136.5922715371001,135.84997724557323,136.27989217725258,618215
2022-05-02,136.59195556162217,137.3266281864885,136.40026431404226,136.63195797533035,262282
2022-05-03,141.99586832634367,141.94586049411413,141.8323628915918,141.89921419182772,424889
2022-05-04,139.76279213247133,140.2387251569861,139.76727839053942,139.8752511317149,359232
2022-05-05,140.2305983174646,140.2006580347275,139.47170106689907,140.19262304432633,575396
2022-05-06,139.58676814546195,139.74834667465552,139.2515862772066,139.58891905327104,865069
2022-05-07,137.54108116068372,137.9267058985019,136.69643119139664,137.46810489140918,935094
2022-05-08,139.81366084072823,139.85241792143074,139.70741151892224,139.79853406033763,846585
2022-05-09,137.62114301126047,138.12672913825003,137.20405665550467,137.58388231478983,679235
2022-05-10,141.12138380434223,141.05838051737297,140.830792546691,141.04387378413264,866001
2022-05-11,140.60824781814665,141.2061155989813,140.32740890365258,140.69826767639438,596376
2022-05-12,140.2018583350642,140.21721094681553,139.85474681711057,140.20630231055836,648557
2022-05-13,141.24323401127987,141.30338539930816,141.07918195944643,141.19869592413002,583914
2022-05-14,137.91734845980162,138.7743920492262,137.25624470023297,138.07967581174282,216506
2022-05-15,139.86378242899957,140.1217151510078,139.3709033749682,139.83260576315902,573006
2022-05-16,140.67805946608112,141.65459979897966,140.61962721998586,140.7129918085406,555772
2022-05-17,136.85765452175445,136.99567552553532,136.0756187920412,136.71368950822458,953933
2022-05-18,135.65654204892354,136.47480857602585,135.06606867738822,135.70727046344933,933512
2022-05-19,133.69166945821485,134.5984903981273,133.29837988988717,133.60473772603774,600561
2022-05-20,130.96407223592018,131.1212182105307,130.85544518432266,130.88918045393567,133951
2022-05-21,133.74444576182114,134.29504156989364,132.3330659926056,133.82907540072125,172247
2022-05-22,132.73687249460187,132.8017165193647,131.81311339128777,132.6613057158166,489718
2022-05-23,129.6188344760547,130.19753412913792,129.3343576316074,129.66507526084334,100217
2022-05-24,128.7688158537335,129.27864367477537,128.30515211548635,128.6646803812038,399487
2022-05-25,129.1917936348218,129.62220992353684,128.7749112708828,129.09963360944064,759254
2022-05-26,136.4749827437885,136.93278863872823,136.17415391662516,136.43794138651458,554297
2022-05-27,137.67632848924478,138.02359431070514,137.5498050444546,137.77638383048142,612937
2022-05-28,134.4250180734209,135.01650135662328,134.0862151515574,134.2968090608452,552274
2022-05-29,134.73502150155278,135.00314878806947,134.2377013716229,134.59165986263503,829121
2022-05-30,133.63848956722737,133.76827509040228,133.45614746742467,133.56267087136465,881915
2022-05-31,133.35349474729458,134.24664843826324,133.12426290682478,133.46732271195876,979538
2022-06-01,137.0726191610111,138.46068219356528,136.7921534491639,137.0031522302212,813137
2022-06-02,134.6137463854592,134.71296066774616,134.22191177237457,134.6242856908848,382112
2022-06-03,133.17562992764195,133.50846736133843,133.15574259500957,133.2505482374818,477521
2022-06-04,133.52494273143338,133.97073431392766,133.33645398144824,133.4838311097492,863827
2022-06-05,129.55832127220603,129.5777877424538,129.2802927560654,129.54237603518493,400938
2022-06-06,122.45415239010701,122.70328519437969,121.95971234125062,122.4097022801929,604305
2022-06-07,123.02602144806525,123.40265202114158,122.48087871627028,122.94867673016408,261537
2022-06-08,124.78944406371251,124.87063854196238,124.82307447837928,124.83901583283894,174320
2022-06-09,125.19154586041674,125.22893854904468,125.07191984055488,125.17185256572833,777707
2022-06-10,128.43656393222895,128.7546160585028,128.31978429206615,128.47894368021701,181097
2022-06-11,125.26073374798405,125.47860197662757,125.11624882222372,125.30481704858522,918110
2022-06-12,121.94571209159099,122.21251635737151,121.36959633377084,121.83711332819023,229068
2022-06-13,122.4600535546318,122.91997593724243,122.40451849002275,122.44356610678591,152116
2022-06-14,123.00171768731757,123.38265678194406,123.00080127116247,123.02422145696386,711498
2022-06-15,121.70628615877447,121.77492061998827,121.29718493096543,121.667656530412,378417
2022-06-16,124.06931670321424,124.54602648823735,123.97690837710952,124.14398824254735,644678
2022-06-17,120.48802940096213,120.53342182100202,120.24583617361233,120.4087266165991,357055
2022-06-18,120.64435310191436,120.58636174948643,120.11754670550128,120.58115746955491,294366
2022-06-19,125.40421063291953,125.92886484303467,125.40955264501923,125.50068318606593,200910
2022-06-20,130.66395693282115,130.54273160622043,129.50081766638743,130.4290155176833,160488
2022-06-21,129.54058131984596,129.66742076438035,128.9689299228243,129.5963308985131,315760
2022-06-22,128.31165300489667,128.8959649382785,127.9780377614236,128.33370190106567,716852
2022-06-23,126.32637170787154,126.97981540018155,125.92463650483164,126.13575091831484,884991
2022-06-24,128.18997666601413,128.37061750285895,127.91533041804237,128.15298335564097,422458
2022-06-25,130.97854765748107,131.66898533447159,130.28573979045075,130.89936889224194,362825
2022-06-26,131.04517098070633,130.94301167722045,130.6541833953688,130.8982555229255,616594
2022-06-27,132.15290929594758,132.5917232631761,131.7299925524401,132.1852501082736,860664
2022-06-28,129.53485723501888,130.03323546470853,129.1194876639168,129.48975216984817,161121
2022-06-29,127.55893789775493,127.45555582668155,127.28435223019657,127.42740426445258,323145
2022-06-30,124.36289692846623,124.62606652068217,123.89859502169189,124.18227265904459,305337
2022-07-01,125.59406821646373,125.68027007407679,125.43089708542794,125.61897734633622,967435
2022-07-02,129.63670119570364,129.891089308614,129.59364908901213,129.6810218190434,761863
2022-07-03,125.45025436625579,125.58421635912944,125.21330308414753,125.31389142187051,260597
2022-07-04,124.24340708964903,125.03338021007804,123.6298413893534,124.20122586688724,517736
2022-07-05,123.03581438688214,123.30879659479031,122.43657410660849,123.1028326046889,115865
2022-07-06,122.62264129331419,122.9351096371928,121.6317310156363,122.76393161183074,702787
2022-07-07,125.89917394588305,125.69265902813218,125.0668332337995,125.64777093857127,260764
2022-07-08,126.11087214342889,126.68852260309477,125.23502510800107,126.04489142350073,202451
2022-07-09,122.35022251858364,122.84046398724124,121.9670857317074,122.39635632992531,624560
2022-07-10,120.49533944162373,120.44887690463823,120.08555242522085,120.39569332045382,978269
2022-07-11,120.05706175253864,120.33565601500221,119.11764714891098,119.94898846631925,800240
2022-07-12,118.6864163858024,119.37314697782064,118.0439077662021,118.63395777999268,970338
2022-07-13,120.06111682319859,121.11401952645767,120.16938308921016,120.27060263380767,822735
2022-07-14,118.45970112314797,118.85718686250829,118.01703443969282,118.37356999294757,197137
2022-07-15,118.05279919134509,118.55943369083924,116.96939784876885,118.03710828954826,394628
2022-07-16,117.10808236118697,117.13347507873864,116.82042418502611,117.0433082505366,821458
2022-07-17,119.56366512717824,119.63095059188723,119.58031553293999,119.61526485553955,983855
2022-07-18,124.02028778692423,124.87683933782438,123.79574560037992,123.83772218054033,634585
2022-07-19,123.14620068402296,123.45941604455093,122.81302207086878,122.99365669594042,161652
2022-07-20,123.43320634878748,123.5178257210986,123.14414666778116,123.33327473975683,547005
2022-07-21,122.30296010425684,122.58623131195063,121.69777215038108,122.18678962403249,508426
2022-07-22,123.0204017551229,123.4569134306919,122.5061693083715,122.97337642483942,881358
2022-07-23,121.32068347021618,122.62411733030328,120.64131627822962,121.09484096636753,751350
2022-07-24,122.46673979678448,122.53710112582279,122.32713145785675,122.45434346419586,451025
2022-07-25,122.73465874050358,122.96776495791052,122.3119463541681,122.80669141449248,600532
2022-07-26,128.67257564833534,128.85297397129608,128.41104867627325,128.64532099469326,899351
2022-07-27,133.10711883002622,133.19137751996436,132.24351203440514,133.15692690847857,171328
2022-07-28,130.7274100992677,131.08208549965062,130.45686323461993,130.78989863372567,967435
2022-07-29,128.89628118728228,129.00303348058097,128.44877609257372,128.92318046283745,899017
2022-07-30,133.20045145739877,134.05830407482628,132.80501093342428,133.24442701611986,561170
2022-07-31,135.42938667556672,135.5618375290917,135.22795161051107,135.37618724511532,558511
2022-08-01,137.1631472596964,137.06212730001224,136.59789017645494,136.99909862250212,933501
2022-08-02,131.95561828157287,132.2584866277918,131.70747413840303,131.9469718927463,415068
2022-08-03,132.05129710991608,132.46165744352967,130.80326795985096,132.03483149229075,673898
2022-08-04,134.07994926574594,134.68168551060316,133.99564725987705,134.01848455270994,669640
2022-08-05,134.91293390493487,135.31327666605128,134.2102547190605,134.8381060251586,242799
2022-08-06,131.5389386100919,131.57678980953332,131.09356706852347,131.37647732675032,499616
2022-08-07,134.2534246663692,134.4046439889564,133.58192244520458,133.95491424943864,428278
2022-08-08,136.35800886706397,137.32523329135614,135.98465153484608,136.25726431688332,870789
2022-08-09,135.9255246319671,136.57758577927973,135.47458220785512,135.9762586932294,195687
2022-08-10,138.87796556233457,138.98278060114765,138.62256026870915,138.83075781934983,712947
2022-08-11,140.1053293888809,140.44380409216146,140.05072935022662,140.13305027667468,807388
2022-08-12,138.05169682621963,138.20958082992848,137.91632589366571,138.15930884340136,176978
2022-08-13,134.2628371590868,134.78415248563843,133.971509314643,134.2216611784298,837231
2022-08-14,134.03880387769343,135.0980216216701,133.64860707230574,134.08137911237185,826843
2022-08-15,132.66310741575677,133.34577176737994,132.13965762808604,132.64769026592737,140595
2022-08-16,132.43830481575023,132.67041151080832,132.43718090544226,132.4418676471056,329574
2022-08-17,133.85039705094218,133.88994677875675,133.43433598916204,133.81006145150693,882264
2022-08-18,133.6679087832552,134.33504699292237,133.54493361411113,133.61672191036808,849772
2022-08-19,135.02772554789902,135.27615687013466,134.40578364548526,135.05150763463735,808214
2022-08-20,129.8055820282078,130.28331541518634,129.6741551614775,129.72621641795402,598061
2022-08-21,128.87482301472906,129.5116981872737,128.40889160255517,128.91681974864576,585469
2022-08-22,131.46058673271068,131.77472039786431,130.59366636156392,131.31992615202083,384025
2022-08-23,134.2947609324949,134.40241762957442,133.72704838240716,134.2332067481716,912069
2022-08-24,135.28277673420413,135.6545008597544,135.1286254638298,135.29128313422098,699099
2022-08-25,132.0432118507958,132.12620606416652,131.8148644482064,132.02433419586384,437696
2022-08-26,136.3724538332575,136.3160867591354,136.02660715577227,136.31197912804188,574518
2022-08-27,140.37642832873624,140.49243496102335,140.09734156009256,140.33821540640255,280931
2022-08-28,143.45751242349075,144.5515981619795,143.4269677824333,143.67611777195816,668117
2022-08-29,141.82525428946926,142.2839432129706,141.47857326083982,141.8867519751737,592321
2022-08-30,138.89222185625576,139.3214132010304,138.40314732816918,138.64252215268792,137373
2022-08-31,140.21251053589145,140.41721277405082,139.1885558627396,140.1162661157717,236567
2022-09-01,135.71695380826318,136.7122571914487,135.49645585622687,135.8768445613114,597725
2022-09-02,132.9503916073851,133.54117136190422,132.3515535228165,132.91959889813174,331701
2022-09-03,136.02734797381638,136.4925297773771,135.3683571050544,135.96712610526217,232521
2022-09-04,135.52835687248864,136.2245060694329,134.90887021445363,135.57426647250205,169700
2022-09-05,136.45648298374542,137.26600988437642,135.5837565352612,136.44867371083825,496795
2022-09-06,135.37307564594832,136.06808717156093,135.27266015067835,135.59282180076957,748766
2022-09-07,133.59123277536568,134.6283951155607,133.56130338911214,133.69834340570733,699284
2022-09-08,136.26357719720033,136.4162788818526,135.66479586628662,136.2610227043672,231701
2022-09-09,136.80811022272363,136.81231837147067,136.18040899616224,136.7800017053992,653616
2022-09-10,133.56989895614836,134.6793443064325,133.18553819734205,133.55683662253642,409487
2022-09-11,133.16020003153488,134.27818924936315,132.302976017473,133.14955345106702,898629
2022-09-12,129.61968426099193,129.94318926235493,129.63198820714248,129.6599161737807,171940
2022-09-13,133.96021487947908,134.5356229510851,133.7774682244624,133.96393029658552,900796
2022-09-14,134.1759968229295,134.97794011399725,133.4125639660798,134.17374837082306,898559
2022-09-15,132.34390731860157,132.68467328074715,132.14400265236858,132.44652372435525,898983
2022-09-16,134.797238708931,136.32967623217974,134.8540755307219,134.98175710022085,919371
2022-09-17,134.54885472304704,135.38107296082606,134.67297729970844,134.70948815285934,876444
2022-09-18,135.95105128030266,135.9726941706679,135.10216415306013,135.850761139478,196274
2022-09-19,135.59973662413964,136.10100814537708,135.66038173224644,135.8002549641227,447559
2022-09-20,133.14446615035766,133.15479412033477,131.96880164261484,133.05962947509158,305931
2022-09-21,130.05368747069014,130.51196978126796,129.5090516679498,130.03950578740384,427447
2022-09-22,126.57556795103048,126.45675271890134,126.16228145977072,126.4127629026746,195148
2022-09-23,128.6556503252988,129.244585898768,128.03505185247232,128.72737789892074,144448
2022-09-24,126.39443467786451,126.90303974601545,126.29757093329833,126.33246477981413,301850
2022-09-25,126.97005977229144,127.54008489907645,126.15181898084461,126.96392503624733,810386
2022-09-26,129.9976225205736,130.29161390651456,129.80688508104598,129.87749492971875,746186
2022-09-27,132.38796030210167,132.6820546078555,131.57542695426167,132.269424943962,225689
2022-09-28,130.87300638272447,131.2277511424309,130.36244378472585,130.76794133108464,433784
2022-09-29,130.19270780356123,131.3497328826494,130.0616829450173,130.1936615604915,959899
2022-09-30,135.42767235216488,135.51812268902674,135.03135100673157,135.49137612758548,707631
2022-10-01,135.1688757116033,135.58033533296785,134.49838030814075,135.1715915530369,354866
2022-10-02,140.11549519007397,140.3900673566128,139.6487214811624,140.33238160602937,843894
2022-10-03,142.08650679131875,142.89079154053508,141.41894086183146,142.16220278259223,243959
2022-10-04,141.48631587195584,142.55834100899443,140.40462932178275,141.51095252862913,368424
2022-10-05,135.89513878484877,135.66023338867993,135.28949938638777,135.55815018966203,412110
2022-10-06,140.96860870389617,141.35130835074395,140.61404469851973,140.91841783190557,774729
2022-10-07,139.47470292533205,139.94820883518702,139.01013755043974,139.6412074993233,143052
2022-10-08,138.2340180070529,138.54004066752682,138.0846503562107,138.17396452754826,110649
2022-10-09,137.22480823689443,137.930410780247,136.41778471725644,137.2903421804305,226032
2022-10-10,136.46774761801274,136.56749719758423,136.16698121954022,136.50069121888288,774575
2022-10-11,137.27477361752346,138.1722296622701,137.0553352242691,137.36076367890473,356395
2022-10-12,137.67288270831966,138.24989931581362,137.32330643638176,137.62293174341937,724202
2022-10-13,135.50821228717007,135.97933071351915,134.76802081824013,135.53674788051805,846714
2022-10-14,132.32138904464588,132.7416583327742,132.20152478792266,132.3594595375384,955340
2022-10-15,130.68260042171477,130.71937079579195,130.5372474309254,130.65416128569166,123989
2022-10-16,129.52977625310143,129.49785612768463,128.08928296926626,129.44096068740333,762305
2022-10-17,132.36955845105268,132.35193907173573,132.18732940557027,132.28700619480293,579795
2022-10-18,131.19405933710502,131.20402271344673,130.94644676166786,131.1296064346239,815380
2022-10-19,128.68126574209103,128.57477587343624,127.08886755081224,128.52085447954224,950379
2022-10-20,126.5363898931496,126.82422988751672,126.42045521345949,126.5625449806322,456587
2022-10-21,123.33900853500995,123.55774923400207,123.21957514481203,123.39727659968267,946996
2022-10-22,122.38903400536663,123.10505202281973,121.59733888679263,122.36487564106152,700997
2022-10-23,120.34823615140243,121.00842754984461,119.06360418620363,120.33324476566862,374003
2022-10-24,114.32223701715712,114.28811785050645,113.90071642434732,114.24252015858536,178492
2022-10-25,117.11118419335855,117.10234967270021,116.49413614065622,117.08051987068518,551945
2022-10-26,120.06656873897303,120.17713376592171,119.66326519196795,119.98071595466833,203489
2022-10-27,121.46309918581096,121.86517839651957,121.25422847796666,121.35245085287,784572
2022-10-28,119.55446532760963,120.38534471027057,119.618707859994,119.62764186844328,209809
2022-10-29,120.26700197526344,120.4453284058605,119.86012763243097,120.31776244198542,204494
2022-10-30,122.50833322685718,123.21393683153207,122.22951343257144,122.42550835301171,401969
2022-10-31,126.82439194456843,127.09786952731469,126.59619065436807,126.75838818040619,580239
2022-11-01,127.756545143161,128.3960336299248,127.38960989930605,127.79115224171787,777846
2022-11-02,127.56986261249835,128.2701524842116,127.37516476613642,127.65824435721858,664885
2022-11-03,131.11926018818502,131.49935176947562,130.91185788388512,130.99058519012286,967168
2022-11-04,132.92274682486038,133.24632140080118,132.09801952627154,132.85155852802527,698311
2022-11-05,132.845664509595,133.01169499084457,132.68524882619613,132.91989540576787,960887
2022-11-06,136.57437161601194,136.95059258957252,136.06016573980116,136.53623933900116,128827
2022-11-07,134.64064580106933,134.84703446355894,134.56498505226614,134.73378345062784,251315
2022-11-08,135.37071938317052,135.63207554464503,135.47006236548452,135.51592425767828,344103
2022-11-09,133.65413153407778,133.89333690664694,133.7745380176606,133.82883439031664,920362
2022-11-10,135.07868618909464,135.20995746802134,134.6582536205085,135.1283380180373,547329
2022-11-11,136.87069166680894,137.80230305702048,136.50247854756864,136.84536044118113,903295
2022-11-12,136.6735931608271,137.12080611306388,136.1798094377783,136.79073895788537,178540
2022-11-13,137.9814684287143,138.16383879031466,137.48914742201882,138.0246530716808,671848
2022-11-14,135.17561050661314,135.48594006263926,134.98406449027217,135.15881845832004,335317
2022-11-15,134.8437516358873,135.16522570758084,134.4891420119132,134.7667989371295,985609
2022-11-16,135.87904842539473,136.4436432726545,135.39337693897747,135.7186356095948,639805
2022-11-17,139.55805456616875,139.87450364253624,139.276985571985,139.5483247871515,467419
2022-11-18,140.34886597195126,140.37924212601902,139.67976931401716,140.28396966864264,102773
2022-11-19,141.33617096687027,141.50468928827308,141.33766467079718,141.36707555635934,519846
2022-11-20,144.90619371512162,144.96734271196192,144.80429437676094,144.9125814079528,155124
2022-11-21,146.22913089401345,147.01252943154924,146.19938513564276,146.26057284877726,686808
2022-11-22,145.07675323021402,145.12241429861191,144.29871573241957,144.8917310745654,486727
2022-11-23,143.55834870389532,143.69178387546285,142.6658031442722,143.56706401884693,531963
2022-11-24,143.17446318813776,143.36919345211723,143.08644717445753,143.33496502177877,904298
2022-11-25,143.9337218126089,144.88336522048309,143.76558272783433,144.0299204081412,534067
2022-11-26,142.92515540357334,143.18139949409016,142.9418893992619,142.99901577112777,696622
2022-11-27,142.13003848988993,143.27059239149622,141.47295942744122,142.17114582453593,190756
2022-11-28,146.7072088490781,146.72254379312164,146.57151051615048,146.58936403806035,296987
2022-11-29,150.82682477822624,151.08864743060573,150.68303705731583,150.72366856800187,908974
2022-11-30,147.033976143272,147.01090801345154,146.0778850409926,146.95192959005513,148247
2022-12-01,144.24455326703955,144.38527806108542,143.685423743682,144.12369840555738,269721
2022-12-02,146.25511440288795,146.90417922958946,146.32903905180197,146.37870923906397,964918
2022-12-03,149.3639439292455,150.30740776601303,149.0234958592311,149.41382014791245,744536
2022-12-04,154.91772323755362,155.9789455481887,154.59856669085067,154.86321763683492,705920
2022-12-05,153.86981987587504,154.39216927016048,153.21430397080468,153.92063915270631,422974
2022-12-06,155.00857261845033,156.17342044045867,154.9472485523971,155.02319791056135,633405
2022-12-07,154.69515762967174,155.11522337648128,153.95138456585352,154.68368366212476,293263
2022-12-08,157.60172207055473,158.90699510052994,157.79935014942888,157.86088428209953,750207
2022-12-09,161.73038860899797,162.29401037549724,161.55400272193646,161.56322847793902,675971
2022-12-10,162.14717282142166,162.53772304924175,161.87971705437405,162.26933852575834,926393
2022-12-11,169.4013327250027,169.8090340169293,169.08815467719862,169.46265841757253,648913
2022-12-12,166.86730578763644,167.68038640293872,166.8279260896402,166.92626530770798,993221
2022-12-13,168.4049024316546,168.63565683238568,168.05393535095152,168.4754804512807,605096
2022-12-14,169.9999586540447,170.6510767863633,169.24973494195925,169.96527517693244,858236
2022-12-15,168.43702675395028,168.54865970139252,167.90136084696186,168.32143013892795,289352
2022-12-16,169.48134552785103,169.97649258402078,169.39883975302646,169.58829618277505,578991
2022-12-17,172.28356543339243,173.33757053616785,172.0628731821817,172.28823474166398,652891
2022-12-18,171.73840223858036,171.94915927186057,171.24483251052163,171.59619721955397,567773
2022-12-19,172.88813004346213,173.45444828551427,172.01644244393086,172.90590006514265,720359
2022-12-20,175.7101588304161,175.5653826436255,174.38482842056072,175.54187612477187,641591
2022-12-21,176.1321873321181,176.95653668615233,175.74209838104358,176.01780503833336,327578
2022-12-22,174.09299217039344,175.004202009287,173.585200599065,174.00450621445205,507655
2022-12-23,168.13360612324183,168.49266249014997,168.14754181469524,168.31886479807054,616067
2022-12-24,169.90685654627552,170.31431455120986,169.496314577086,169.96724759421213,317971
2022-12-25,176.1840031442768,176.74489094883916,175.17012592652222,176.19127847170844,831900
2022-12-26,179.88568104648337,179.86399446713898,179.7008599601544,179.83209131191236,413911
2022-12-27,178.39762079600305,178.6053454702931,178.39784353359568,178.47188339775076,704934
2022-12-28,175.25727671980832,176.05045662313097,175.00372005591927,175.27349455543654,729362
2022-12-29,175.1123708231795,175.13716423059657,174.73196360683812,175.10432962889922,893062
2022-12-30,169.28143500756127,170.26273309126958,169.17440574340142,169.35628268459496,610250
2022-12-31,174.95415223661996,175.21335955333504,174.5117331295868,175.07778824574675,449494
2023-01-01,170.48694360792092,171.2019661212622,170.48225823978424,170.5820670932241,384548
2023-01-02,174.2636995349189,174.26042320627076,173.75930885971675,174.14086725215464,631940
2023-01-03,176.45357222439557,176.56950430297206,175.30488003883397,176.46033531411737,909005
2023-01-04,173.88950350529217,174.392102281594,173.78180853990418,174.05493836454465,678446
2023-01-05,172.76220463783713,173.3268487492925,172.47311242375903,172.8272771474842,810438
2023-01-06,172.28447408988535,172.36874386304865,171.98706347676975,172.20617479437584,899845
2023-01-07,169.83880814571958,170.18123068358977,168.84587464216992,169.8258560425647,908935
2023-01-08,168.37605400794791,169.55846535668482,168.24379161733475,168.277767875361,416391
2023-01-09,173.11067284316994,173.52755764129665,172.65146637406423,173.05919821611369,281859
2023-01-10,177.60709144119554,177.94641984191574,177.1786164613824,177.47422823246322,149640
2023-01-11,174.86916755044527,175.1903393527807,173.85264472233027,174.85636531710514,104820
2023-01-12,179.41517250339362,179.53332424678354,178.93306308469323,179.43362985107828,852311
2023-01-13,181.53664861964782,181.5804005611465,180.9263739877761,181.51475489997827,146765
2023-01-14,186.23580481594092,186.60354262359306,186.1561780917394,186.33427955167156,965638
2023-01-15,180.48355870978847,180.66237914352322,180.005849474776,180.40449271855329,718315
2023-01-16,187.16744962940814,187.1036717722611,186.95036605909377,187.08240944069826,672723
2023-01-17,195.7279468896487,196.4079172172714,194.59075485150586,195.67424149182833,177394
2023-01-18,198.81169941830038,199.38599971019715,198.27420049749122,198.6363204554813,956977
2023-01-19,199.27404878387784,199.73704466777716,199.19552534417085,199.5179370932556,550353
2023-01-20,198.60532906723043,199.1724537932873,198.3524651145465,198.65939259151813,127189
2023-01-21,198.34183381138845,198.67731888550804,197.46948848288577,198.50215335441362,499450
2023-01-22,195.69817093123206,196.4966747066731,195.75213300992021,195.84758603710043,404869
2023-01-23,199.85848096350634,199.99736485285726,199.888963061207,199.93387109687487,581351
2023-01-24,195.88559916364878,195.79846164305653,195.65857639143977,195.7823307369262,687119
2023-01-25,192.38706932661339,192.35268595029427,191.69164750960977,192.32100157297603,965358
2023-01-26,192.15399473438717,192.59624832403065,191.43051870384164,192.11013173782976,880476
2023-01-27,192.93521580916644,192.74641852611842,192.3318851810359,192.69345601164545,679051
2023-01-28,195.50713253824438,195.44941949101514,195.17065020151642,195.36744749349117,503367
2023-01-29,183.54184271424023,183.96772863750408,183.25052274219743,183.41546091065217,461518
2023-01-30,185.01988287984176,185.58213635440737,184.76069864062768,184.95192637926078,325734
2023-01-31,186.05690694022357,186.63693250370576,185.77202026058154,186.1017090363089,439564
2023-02-01,185.77005763751856,186.14047404851914,185.6977171598853,185.8477876835728,234356
2023-02-02,189.1052566170935,189.38059692855316,188.4025348065979,189.09684335931627,432026
2023-02-03,189.76877918266007,189.98711767528866,188.96736934117797,189.77724951225682,362605
2023-02-04,187.7844300764378,188.64611322217914,187.73451024938907,187.9156216584731,391394
2023-02-05,192.55525275458285,193.18522017325103,192.19232357067932,192.66609963634096,255750
2023-02-06,196.54379736287,196.7030305968213,196.41711075854553,196.57801819670019,647589
2023-02-07,192.96487621495325,193.32719535409575,192.70210586911207,193.0927588023044,716874
2023-02-08,185.75509437261337,186.9671869483043,185.3735837084295,186.0057590856088,220937
2023-02-09,189.42764416040376,189.94789227257004,189.4126112031949,189.46708047314516,597600
2023-02-10,190.61436294296033,191.175724187149,189.83136981108657,190.63738905863278,186993
2023-02-11,188.77469024375554,188.8304353274455,188.70200538189368,188.72459513596908,208812
2023-02-12,183.77948916051935,184.51928209231625,183.5910473233457,183.9151129692791,669580
2023-02-13,193.68517185689683,193.77941351515642,193.30065532634862,193.6704238354581,373678
2023-02-14,195.39300995821273,196.05821289028975,195.33033422951493,195.33579366604118,823796
2023-02-15,198.80396284912447,199.36381315591976,198.18461417761165,198.7263680932165,374379
2023-02-16,195.3169746872484,195.4505897817084,195.0368994055722,195.22028454515495,446694
2023-02-17,195.09248745540322,195.95305210118445,194.7484253958336,195.13218979536987,695777
2023-02-18,194.5899675922035,194.51181903951954,193.9334334379062,194.42090445550002,440046
2023-02-19,194.33288965118842,194.48945124609514,194.017136201734,194.36021811216335,930895
2023-02-20,196.68165658164526,197.11008824859945,195.60833428705516,196.5758878920352,278390
2023-02-21,195.1052857539236,195.8298141363528,194.41949879760907,195.03130962800407,113465
2023-02-22,195.91660007654122,196.43026269575387,195.280126893543,195.98733900353102,997202
2023-02-23,195.52469131574549,195.40497068634483,195.2267223441921,195.370412749105,117036
2023-02-24,200.50658740470246,200.7237641697455,200.25773969251196,200.6641542347321,757588
2023-02-25,192.6554907918024,192.88328120800838,191.8335757596814,192.57898626251583,336245
2023-02-26,190.63855157773924,190.91622677292833,190.00018179863324,190.73664616420848,279279
2023-02-27,197.652217417959,198.4911456114407,197.52082597384978,197.53861475176743,958434
2023-02-28,202.97628221540072,203.87733317980874,202.2331897243426,203.04355318246357,790473
2023-03-01,210.26858072623253,210.92890646588333,210.405567254848,210.41450672790413,152416
2023-03-02,209.15544342283977,209.63460534502534,208.958163257441,209.09181370708274,992058
2023-03-03,208.20356467444302,209.4232944579375,207.5386098284008,208.29085267194696,384632
2023-03-04,203.53037504207768,203.71060633154974,203.27791164988977,203.55947457820167,557946
2023-03-05,201.48746469355837,202.09371731081177,201.52906670469093,201.69965104847017,146197
2023-03-06,199.98561923375811,200.55502574941127,199.80255960050192,200.0793591918486,478145
2023-03-07,193.9735932244236,194.3450563423347,193.62430803099033,193.9136862609834,769932
2023-03-08,193.64595289721893,194.0573880861272,193.69177806134897,193.74276188863234,879560
2023-03-09,191.32937542561126,191.42928544166531,191.1427073670169,191.2979979583412,826036
2023-03-10,186.42467277658199,187.65375669004254,185.80956273125716,186.49747957034415,798573
2023-03-11,183.65311261493397,183.85281151025757,183.107944445923,183.59635352155428,595038
2023-03-12,180.85126801212468,181.12676070420804,180.74832045929003,180.79472344234577,615965
2023-03-13,181.70175951986806,182.13721397209278,181.48387560016155,182.00416395381217,892488
2023-03-14,181.14639830710334,181.5966241194015,180.57399420556024,181.28304760710853,863525
2023-03-15,180.58233906498873,181.16113305901362,180.367847158955,180.61269076854433,742248
2023-03-16,187.40021324460574,188.01273736648645,187.16735057493253,187.36687765664576,103354
2023-03-17,188.09393503052357,188.0967873582307,187.46140496738792,188.0347572991422,764013
2023-03-18,182.0974092595111,182.85394286614613,181.5380639488968,182.04459565342478,898877
2023-03-19,182.86245605411776,183.25428801777662,182.91264541083152,182.97489773394065,141552
2023-03-20,181.45022276703503,181.62073211735145,181.39994009514464,181.48030062848898,675562
2023-03-21,182.86645156851526,184.0125565958948,182.98593417712246,182.98900781760992,234415
2023-03-22,191.20749252729462,191.95124369486325,190.87844991666586,191.23396242429374,792667
2023-03-23,187.92196291645675,188.2060001463221,187.49555771655986,187.85263465635634,958051
2023-03-24,189.99159272782055,190.45085660329383,189.85459558839972,190.00916451761904,657846
2023-03-25,191.45565562046474,192.1297923749346,191.26988215282972,191.4744769214144,819451
2023-03-26,190.23113397666776,190.59810108613604,190.14203429340012,190.19072622894336,676923
2023-03-27,197.41835833861418,197.65655211386985,196.85808066866062,197.35689749882133,732175
2023-03-28,198.67334748104008,199.66140346882798,197.23300274285458,198.72951043131164,963863
2023-03-29,201.64433618561756,202.57431705404653,201.08459031702685,201.4977298100491,120773
2023-03-30,204.3344719986985,204.95825753699256,203.8303079685567,204.3041894113339,599542
2023-03-31,201.86207112595832,202.1414611881412,201.75071048438429,201.91764462546053,632199
2023-04-01,197.0601560199363,197.7347960145448,196.9014139916018,197.05388923002764,709745
2023-04-02,194.94929047880464,195.572212985022,194.6030771065621,194.75543861871358,465187
2023-04-03,199.78855337073796,200.12847989925095,199.4302260396489,199.87835408490108,467135
2023-04-04,208.41282635285603,208.4155903937819,208.11657266524665,208.2971250954806,111748
2023-04-05,212.907487382323,213.75306020912157,212.08713836100813,213.02735628784566,769186
2023-04-06,213.62518596239926,214.1304603467025,213.64141464634744,213.6532123146691,363113
2023-04-07,215.22680743123865,215.39125936916122,214.9087118014604,215.05788115937864,944019
2023-04-08,215.6264976055789,216.28335750917702,215.3678387458499,215.67236103853818,218184
2023-04-09,224.3037100301773,224.2892904853805,224.0381033196081,224.23648134438997,120529
2023-04-10,225.7278349420041,226.26346232840538,225.13203241289554,225.6601794553281,193213
2023-04-11,226.31535644615678,226.6683365685311,225.70740355598795,226.18851622023678,156212
2023-04-12,224.32257100532536,224.24564497228076,223.44988413334613,224.20589060647265,988230
2023-04-13,225.35007701562196,225.41477783845804,225.07757010334757,225.37245550495132,972004
2023-04-14,227.68390707274636,227.96644526448233,227.0069564932743,227.5858306593223,424199
2023-04-15,231.1138535113917,231.52086911118477,230.81876848123875,231.26385598759555,149362
2023-04-16,226.73034530741938,227.31903413187928,226.4844414383781,226.76278271030793,561397
2023-04-17,225.76524422205418,225.81764487303994,225.3241117879743,225.73335800420398,211994
2023-04-18,222.75478544008348,223.07122145596063,222.64706546211872,222.78358501242826,478047
2023-04-19,229.74207711956993,230.00829846946738,229.6228830736041,229.72258147072262,294830
2023-04-20,224.97641222437792,225.53493503121445,224.44352488810668,225.06161257414382,826787
2023-04-21,221.30067828286022,221.68642278206548,220.71801471460998,221.18449102563167,825550
2023-04-22,225.44911758236034,225.4825467092084,224.97446953470046,225.41892830133108,703223
2023-04-23,224.1910402021887,224.34265479589237,224.05169835921288,224.20766838063196,249125
2023-04-24,222.9649519771097,223.33748484842727,222.99311265093817,223.02063050304542,496333
2023-04-25,218.80388307692792,219.0995233941675,218.19572574793335,218.74365968574233,780055
2023-04-26,220.88400100294075,221.7229233799301,220.89322519011498,220.99078877732416,625770
2023-04-27,223.47715957219788,223.85982560347423,223.0977134945373,223.5346780748592,211147
2023-04-28,226.80716669986893,227.3274268005238,226.08843243114148,226.81427152714505,215212
2023-04-29,225.02428778156076,225.27122960936177,224.82216168628574,225.02517115630044,619218
2023-04-30,218.88816962212982,219.08116698967245,218.42217708590894,218.89360059173248,865785
2023-05-01,214.6412243191198,214.95966339696568,213.7160378293814,214.72157205244395,240256
2023-05-02,210.6103432542608,210.8328722429014,209.61426055443576,210.5646263757198,722312
2023-05-03,216.00542035828914,216.5042191689416,215.5766154224055,215.98816009269387,282227
2023-05-04,212.165059217991,212.22296400196493,212.03824801276087,212.22140574195834,901568
2023-05-05,215.69675299508864,216.20939538916105,215.32348675200367,215.59080322714803,849748
2023-05-06,213.15269864861895,214.16677517219892,212.76034099905164,213.32393810045298,567976
2023-05-07,214.13098859285225,214.9217591259061,214.12173348017777,214.24034216213767,973402
2023-05-08,220.48505517629286,221.26343812619095,219.54047536380688,220.56340298977753,495530
2023-05-09,223.2045120357349,224.0191614900763,222.80449922508123,223.21169536395655,505393
2023-05-10,217.16384926756996,217.36685814908344,216.57655187254704,217.054454249072,836400
2023-05-11,214.53852442299288,214.89498777040137,214.1618454760435,214.39007256842712,602783
2023-05-12,210.55332286160245,210.86501786958533,210.10708882809428,210.365401694381,304567
2023-05-13,204.200585981839,205.13439269860692,203.21277805910827,204.20950225099924,902673
2023-05-14,205.32426902304192,205.55530711430364,204.14451093642182,205.28831595772763,853557
2023-05-15,214.24356434694653,214.3182252325404,213.28412409584163,214.2051299110216,495151
2023-05-16,216.98866864333402,217.13777595675617,216.4113724621675,216.9436397833952,839823
2023-05-17,216.41254570524242,216.89742475431783,215.8909741881033,216.52744185735284,884040
2023-05-18,215.0192224944734,215.39159499078926,214.27087873343459,214.99407510203898,435031
2023-05-19,211.83559172360793,212.6081724336657,211.44150227746889,211.8176089452059,658703
2023-05-20,208.5841362434636,208.75279218283717,208.38624946919316,208.53585816975072,386303
2023-05-21,206.17921548820442,206.9421342760539,205.99014815097874,206.162256508769,299241
2023-05-22,211.6675651721805,211.75188634221908,210.65632092767476,211.7214163065485,110074
2023-05-23,220.9176266432064,221.1256716301117,220.8646757484802,220.93210765796738,357818
2023-05-24,223.40343161284395,223.66915257350797,222.78456838002745,223.46911431985555,125334
2023-05-25,216.87776088557928,217.23412740625238,216.4726939073795,216.79756892965173,570910
2023-05-26,217.04628018110557,216.98256438863876,216.78880568182902,216.90588994937067,663503
2023-05-27,213.28373795638862,213.681482833351,212.96003995885937,213.51749288262562,495160
2023-05-28,211.54786518174606,212.1784184562365,211.09572209601708,211.40153107950118,976676
2023-05-29,211.72997697629796,212.0404624775876,211.67756622200517,211.83462728661087,467534
2023-05-30,217.46729919674902,217.58574863199186,217.04265671255044,217.35014287273532,405389
2023-05-31,222.75943681597658,224.29615155549203,222.45713448643164,222.85483083221771,579282
2023-06-01,226.69000500688534,227.128517411244,226.40838023266315,226.8759890649653,489262
2023-06-02,235.0035595324691,234.9948356424029,234.6590109249643,234.95306272604304,718372
2023-06-03,238.87165242719368,239.5269928196924,238.1879104300227,238.85101454521438,618939
2023-06-04,242.58428237261936,243.52095171825857,242.62402154124973,242.72213455506312,259356
2023-06-05,232.45737595731111,232.4469379624644,231.3032480697067,232.37106300127473,792495
2023-06-06,233.92520828522478,234.37124511008065,233.4803160554953,234.04512785084663,586385
2023-06-07,235.43782351625845,236.1726532057423,235.34556155351206,235.42023838725066,573009
2023-06-08,233.10766050357432,233.06351966296896,232.48915093875794,233.0036408769852,323951
2023-06-09,231.5610167100672,231.5197918015651,230.90693123086018,231.45161064149042,968835
2023-06-10,232.37313145143395,232.9020956572751,232.23906780819496,232.4988313969078,659973
2023-06-11,231.90666225631745,232.16653507259363,230.65645530961717,231.97191366237115,752981
2023-06-12,232.79272589838413,232.92758702723137,232.5277744477836,232.66958256341118,737948
2023-06-13,237.7296263251778,238.16317835028383,237.56823921395744,237.62250936579267,145468
2023-06-14,235.40253928647417,235.5326033991314,235.11501660932623,235.29831936711102,124035
2023-06-15,235.20842880344514,235.8958496310669,234.8210047388546,235.23954019937213,485056
2023-06-16,226.88402965872723,227.33237406773864,226.84661896073848,226.924942624644,136738
2023-06-17,227.42172920646158,227.5865986606154,226.97164850426293,227.45898482768334,808845
2023-06-18,224.4638646764723,224.58612432189534,223.515143479081,224.53576502264255,309253
2023-06-19,223.74221842211378,223.80040622611253,223.56427297329455,223.74022277478264,248775
2023-06-20,221.192423811169,222.1111324143993,221.13923037340356,221.48098294701774,170062
2023-06-21,223.26879109210924,224.3705452868412,222.99749604683973,223.344354608721,945412
2023-06-22,222.36266778451844,222.26890287478346,222.06277288808482,222.25076065428348,591858
2023-06-23,229.66181036931894,230.00067264736373,229.1854506250332,229.74682927033956,482427
2023-06-24,228.35681845148488,228.30425372574229,227.91022317224426,228.25840171346843,509136
2023-06-25,229.17752412323767,229.37674450225805,228.46252052826057,229.16585354298448,281295
2023-06-26,234.67432864503493,234.65371023407428,234.47598073135717,234.63018215133533,830989
2023-06-27,240.7478825098113,241.28226253588886,240.26068248942514,240.74165104178596,562832
2023-06-28,233.46494431767798,233.67788997094704,233.04406501857446,233.48478399636429,132643
2023-06-29,234.32210025810403,234.73346479797408,233.48518708609632,234.241200744134,330639
2023-06-30,226.59462393877502,227.23318883304873,225.84591905916145,226.551268423802,687182
2023-07-01,225.41690895914678,225.81617696071874,225.31387768566807,225.4141288767288,935141
2023-07-02,223.4248673624344,224.06241118096443,223.3905822549387,223.39505224175755,555433
2023-07-03,225.74036634375213,226.6169895130091,224.86327229743574,225.6931134475635,810066
2023-07-04,217.1910103089001,217.48778653564287,216.87102430054583,217.04638079501999,492926
2023-07-05,214.0827233620336,215.00405067292556,214.007965960394,214.12017169893164,923966
2023-07-06,222.0210793021978,222.91847475015146,221.3529262385026,221.99301536605412,762027
2023-07-07,226.65034776201912,227.17773912203666,226.28493631676872,226.75684299633807,312509
2023-07-08,221.58439413199343,222.165384191928,221.39059567469823,221.53241911639702,319128
2023-07-09,223.6852422203721,224.90338392705752,223.0284652892078,223.78463405254894,444420
2023-07-10,222.0272287921185,222.8415069577253,221.90748202029818,222.06866363583774,741658
2023-07-11,216.06572057033495,217.20774208858472,215.1880451117399,216.07166355036048,983810
2023-07-12,219.28276275494719,219.4931317939094,218.60576930340525,219.321080923461,387188
2023-07-13,227.71760445111855,228.42804023400728,227.47494012318865,227.67023331497592,284573
2023-07-14,233.06409067039473,234.0713620564658,232.54721139207572,233.1006769454467,361608
2023-07-15,228.6699588761478,229.64445646594984,228.47016105350383,228.69035606401553,148220
2023-07-16,226.21490728617792,227.44637173021252,225.60518358834983,226.11207029176276,131227
2023-07-17,231.60027524506597,231.74187860686092,231.16665636923832,231.60448200462605,787931
2023-07-18,232.1171131981436,233.22418572690412,231.98491507684514,232.22073396546722,174383
2023-07-19,236.4729625605547,236.8081729854832,235.4414426179671,236.36458216660623,250004
2023-07-20,240.08423859169966,240.55147191705709,239.82469931825227,240.14143956258258,219545
2023-07-21,229.50191998063642,230.06764742237195,229.5154621001851,229.54849340237917,584993
2023-07-22,241.64136711882668,241.93404179894048,241.4326911609784,241.6704570578089,547266
2023-07-23,244.29297936641592,244.49719521332426,244.00407736094616,244.10923050941568,416972
2023-07-24,248.30926301589642,248.68750281179524,248.28090674628783,248.31122778325016,507500
2023-07-25,246.95535924881744,247.19733012914634,246.363204985233,246.98348172498999,933152
2023-07-26,249.4783903752404,250.2681208655371,249.2626210439576,249.42653583761697,581529
2023-07-27,246.23564023364585,246.65563065478125,246.08245689479182,246.2869676333299,981877
2023-07-28,243.41207390506995,244.05488776273543,242.91507477572515,243.4358832085441,948119
2023-07-29,230.12043274578625,230.7935892474366,229.2031527940964,230.331812998205,175646
2023-07-30,216.38027704692692,216.82137977267993,216.2882270947097,216.3938479243513,127645
2023-07-31,217.23877735003663,217.29957367684725,216.25108984898247,217.20858214412448,385664
2023-08-01,223.72897311782216,224.19341479838528,223.24799328568764,223.86225799653644,724351
2023-08-02,226.57238740692995,227.08467380464947,226.21392667956428,226.55580644404262,769932
2023-08-03,228.79982143214852,229.28347400809238,228.8534612680244,228.86797358129098,165196
2023-08-04,232.1346246968407,232.6364647271142,232.1301667919341,232.22362014014294,266534
2023-08-05,221.5395397847465,221.89532880735223,220.97049857551778,221.6464784497826,644505
2023-08-06,217.04812091141574,217.16683020673364,216.16547074804478,217.0615478273849,960393
2023-08-07,216.76124763032345,217.62831837610202,216.15756138778394,216.7396770593117,843945
2023-08-08,220.8389549887448,221.38370709713973,220.6013446086001,220.8355076287711,508635
2023-08-09,223.15841663463394,223.63146017093038,222.76829243042124,223.141784727084,865125
2023-08-10,226.95085719015913,227.5444902773652,226.62259441908537,226.92840765532952,491702
2023-08-11,216.726133539843,216.83969370838264,216.42060806163752,216.56625987933776,494375
2023-08-12,218.70924347188284,218.62225540948634,218.52076115496692,218.59700403142241,734184
2023-08-13,218.57048300919635,218.72848235204958,217.95229770706342,218.57899240369184,814373
2023-08-14,217.66682731279877,217.84759931985099,217.2205514529055,217.59104205647063,582004
2023-08-15,218.1301359014104,218.75045441080098,218.16081052023054,218.22958762987702,667890
2023-08-16,221.27324716534636,221.29113160063372,220.5924314384798,221.21822196087152,916887
2023-08-17,220.7290219346984,221.2542264703617,220.42847627629143,220.70583823569416,380200
2023-08-18,220.95084456589564,221.3741171443031,220.889092597749,221.0340855983727,105032
2023-08-19,219.73417057542525,220.1584124991676,219.07413365745722,219.59590568667636,710656
2023-08-20,218.2427245458888,219.6361879049954,218.02088003946542,218.40161731403484,275250
2023-08-21,221.95434792526916,222.12290031973168,221.7466071892454,221.86397925066612,970726
2023-08-22,224.91620842347518,225.32321933326176,224.95578310938373,224.96808648419923,387050
2023-08-23,222.39235719181272,222.55081986770458,221.8671437316516,222.16565255741796,578339
2023-08-24,227.42068473608157,228.05093436867838,227.45274024923103,227.53144930283074,830531
2023-08-25,226.81468003048687,227.25756841759016,226.67020229105452,226.80735874222512,795473
2023-08-26,224.7384608163734,225.01630052952282,223.8905790002827,224.6433710377972,856473
2023-08-27,230.53076700426905,230.6458292507265,229.191046719073,230.45261176210698,181220
2023-08-28,243.7732460464371,244.02738676136013,243.34088766632337,243.8411415243578,654266
2023-08-29,239.96858521094344,240.16520802062504,239.84630946578676,240.02974058324082,832716
2023-08-30,233.13395340624703,233.59752523033018,232.16781743821073,233.04540618184308,983242
2023-08-31,235.74397790189985,236.05670032274213,235.3461659560379,235.85051991833797,160850
2023-09-01,229.57049382675763,229.93943698456297,229.57709141478367,229.6398571550717,808900
2023-09-02,225.07450042008938,225.27830300756216,224.07096720683592,224.93080422731205,418504
2023-09-03,223.20368532746008,223.5123957788902,222.7042878113211,223.11878201580154,539236
2023-09-04,229.507387512253,230.0742305565853,229.07616199197184,229.43628012436866,656817
2023-09-05,221.76557983490997,222.7294561109046,221.3392751003075,221.8459003508167,288935
2023-09-06,222.36743756049594,222.593139850672,222.11544541940995,222.39877875105242,384457
2023-09-07,216.80611725794995,217.61565153529,216.73404517928716,216.93649231895535,946787
2023-09-08,223.27112474393073,223.9873939246972,222.9805246235339,223.47304011493918,125967
2023-09-09,226.20058999144493,226.6321464263835,226.16721053764968,226.2957394220951,388399
2023-09-10,226.61075424223523,226.95876212523456,226.63906351261636,226.72187499771042,155804
2023-09-11,224.09154818380784,224.36349921123914,222.8525160928723,224.01684557800166,598716
2023-09-12,223.76398701698074,224.2746645439473,223.12498917444933,223.71746777314095,547629
2023-09-13,220.73584055966444,221.29033206598427,220.16691178689754,220.7270500981335,201093
2023-09-14,225.44315580642788,225.73189694590735,225.34081696378144,225.50339989769657,119140
2023-09-15,231.50356164236436,231.6565058970291,231.1950050499291,231.4677512172076,884174
2023-09-16,218.59072112878425,219.15390023472702,218.476212432083,218.47855639592981,698661
2023-09-17,223.25788134127862,223.71906932074273,223.2052991933717,223.3813700242418,833253
2023-09-18,227.54439319057826,228.33057169569813,226.61604159224993,227.51603103047486,103401
2023-09-19,228.94195330827569,229.6274945736597,228.79525831052945,228.9677959625449,869306
2023-09-20,230.49313170006167,230.61529847077892,230.56796937048986,230.58804118445426,209809
2023-09-21,233.88469721566457,234.70510010032828,232.64063664859034,233.95688783268636,551583
2023-09-22,239.82246939815084,240.47432109229408,239.46852818253825,239.81592434902,578906
2023-09-23,240.20645270090037,240.843837692208,239.6188970365416,240.37092676928654,977263
2023-09-24,240.9736793047105,241.32439291340344,240.5229299197144,240.95801111095452,294108
2023-09-25,236.50720283803003,236.79720222421255,236.01277078282368,236.36055079397704,702978
2023-09-26,230.37999130186807,230.86505783216995,230.1825384574992,230.49495264630102,462949
2023-09-27,232.24868716165997,232.52687083222315,232.2068955506007,232.46018157019486,218493
2023-09-28,232.41931320026958,232.63933092293917,231.77726031470414,232.42142516641363,256742
2023-09-29,231.9478101064768,232.19791964148507,232.02142388307684,232.08603763561095,485732
2023-09-30,219.9445354777967,220.3118685759787,219.76010116000995,219.89647510381997,998277
2023-10-01,225.54016006896362,225.92501772758607,225.36562474120763,225.41577758442983,548536
2023-10-02,230.84998171215145,231.20482809201323,230.65217590153566,230.80159231680412,130365
2023-10-03,225.94485685007112,226.88326107721142,225.6383790783938,225.8332297408425,205784
2023-10-04,229.85345860208932,230.2240135777487,228.55115174332315,229.8345883740624,876941
2023-10-05,234.55519941986714,234.84921834081103,234.3417127984155,234.76875166679122,181809
2023-10-06,230.41956151558418,230.84703173022163,229.99187093490903,230.4042341067977,960132
2023-10-07,229.3953640503477,230.53321077020635,229.2963594600441,229.52544489082456,717458
2023-10-08,224.85321372302639,225.19566037678655,224.4918671419924,224.88551892648317,762855
2023-10-09,226.97503594046398,228.15210310936163,226.95635882023043,227.1927002982,764976
2023-10-10,226.3504589128905,226.90290976282603,224.91651212089513,226.39088626453253,384343
2023-10-11,232.24583550078674,232.34804871613153,231.83053476028908,232.1950034408258,997089
2023-10-12,236.52588300411892,237.01299335255055,236.41472595965024,236.46286462415472,748991
2023-10-13,237.5378329011687,237.53545607785443,237.01626371399263,237.45196593740636,577267
2023-10-14,235.44419983014225,235.6663589420019,235.37293041428677,235.55783721454412,278319
2023-10-15,235.39689856017327,235.86063204973158,234.68150829028136,235.22567624475826,714091
2023-10-16,231.04207153278213,231.06467204650056,230.67889416213103,230.98812634815255,431441
2023-10-17,227.32239484338336,227.69330191305997,227.17110309668809,227.27711414578144,590820
2023-10-18,226.38852605157706,226.4672776574124,226.13668297611324,226.46042820058943,427363
2023-10-19,232.08795362834613,232.20233542622452,231.8208291495881,232.12089317691266,584080
2023-10-20,228.14003043306082,228.4837205187099,228.07525043121632,228.1679596223632,435080
2023-10-21,228.12761286946377,228.62997199580587,228.10683685274765,228.19767451935934,439397
2023-10-22,229.84112895876848,230.26085025728128,229.86539692332263,229.99211024476503,736651
2023-10-23,231.87275492337764,232.13431096656547,231.95014236916694,232.05974605464627,943840
2023-10-24,230.20708989563187,231.08856408112376,229.60278101463257,230.162593629114,718359
2023-10-25,226.57397601219114,226.6742933494895,226.23870031564385,226.4394011361091,432250
2023-10-26,226.53968049482486,226.99695927862774,226.47370101951157,226.5579766400932,940100
2023-10-27,221.85399485900484,222.13261661732102,221.4461845920847,222.07600357099358,298239
2023-10-28,219.47933496979564,219.976077814957,219.0610713810531,219.58786762978778,863500
2023-10-29,213.83134613699326,214.2313220496205,213.0965726568626,213.83392165013038,483223
2023-10-30,216.24657889065284,216.36805019102155,214.82928796942915,216.13111390812642,370609
2023-10-31,208.55270288415073,208.9383390235547,207.71178058956863,208.45187277121818,226427
2023-11-01,208.40348221079697,209.56820876238334,207.90710599281422,208.37204677431737,415727
2023-11-02,210.0546286839347,210.1698224343435,209.808721525036,209.85622263646846,687842
2023-11-03,212.44913568481826,212.37270434010554,211.7576520931989,212.3628111993787,692183
2023-11-04,210.5841317744413,210.7103951639173,210.11387478085945,210.59009559550134,331937
2023-11-05,210.35660879631766,211.0381099993713,210.1097733128309,210.4854634900501,379699
2023-11-06,208.96490997034937,209.17069823062087,208.66292453306306,208.79119635570672,401100
2023-11-07,209.41226677349465,210.38364999065615,209.39579590366924,209.55144579407863,518313
2023-11-08,205.16867688670413,205.48167813759295,204.7726008060488,205.21019421481844,327261
2023-11-09,202.1770464645111,202.56126040121106,201.61809006087157,202.1287514243284,548389
2023-11-10,200.20002347804612,200.38267251874692,200.03509600135425,200.29114157054443,415948
2023-11-11,199.8005686838707,199.9135901815443,199.4439991797012,199.87401437153406,967003
2023-11-12,196.7136267004746,196.88597595500906,196.4638229287224,196.6045650514275,707060
2023-11-13,188.84367924770382,189.56312182167633,188.47258551273103,188.91464383806502,178040
2023-11-14,186.57067877042388,186.71620398670325,186.44241855188372,186.46378304169292,678319
2023-11-15,188.5960590860459,188.77549443319725,188.55266334207047,188.61636590841312,950766
2023-11-16,188.08983679169674,188.40528717704004,187.97528315771547,188.119352628898,754391
2023-11-17,187.855289543627,188.0403068693662,187.7395422162284,188.00956775323945,258265
2023-11-18,192.51529782777234,192.9199667190652,191.96253305368757,192.53972385791582,981040
2023-11-19,195.98407118089614,196.13163922902515,195.37451821890633,195.80967591370276,992781
2023-11-20,199.66571350048523,199.91665508455384,198.9682997498558,199.77691079903641,156213
2023-11-21,198.9697295993708,199.12843395323264,198.92070136594785,198.9929245475546,193900
2023-11-22,201.35071505503905,201.8795613602448,200.5904784721368,201.38901596043692,866267
2023-11-23,203.86900402617204,204.04596430502446,203.90084066290262,203.91029743608104,933970
2023-11-24,204.11835956090562,204.44694964473402,203.1853356774926,203.93196453655779,775770
2023-11-25,202.36223110803041,202.37995383857685,202.21545637272283,202.22687556290077,609033
2023-11-26,202.52011957359608,202.77346499440893,202.20295259459334,202.5798020199312,381382
2023-11-27,203.05458135841033,203.29207420191807,202.3435381095911,203.05160826277793,726429
2023-11-28,199.7261254609217,199.82815313906295,199.0635358159427,199.55753786234857,854426
2023-11-29,201.49740455637829,201.90747461580045,201.18832868470525,201.62477434420342,322508
2023-11-30,199.7191405971943,199.93782655278866,198.79870400786237,199.70008280275445,353575
2023-12-01,203.15746130816848,203.5190207321784,202.953661237815,203.24874580067015,311229
2023-12-02,207.88873755638414,207.75018257695416,207.38888276829354,207.7263310358691,684912
2023-12-03,206.7758214961927,208.02725935524268,206.8645150885224,206.93259695672833,837309
2023-12-04,202.26514324838604,202.42475222192832,201.9788379929468,202.36816577816637,491549
2023-12-05,198.97568174867897,199.53501986919684,198.47592744242104,199.0366247748497,260198
2023-12-06,203.90207234694495,204.5037009070643,203.35986073316008,203.78021758570708,217631
2023-12-07,208.97816624911772,208.95302290392885,208.6900538444175,208.93181324656703,967585
2023-12-08,210.3730529789733,210.86014918951543,209.95826079829436,210.31979578820437,490272
2023-12-09,208.43839117123576,208.53858837600845,208.15365720763532,208.36271783371637,619994
2023-12-10,209.19746670345518,209.50470742517172,208.8306478667132,209.02017090987312,265028
2023-12-11,203.22836407014313,203.90251372868084,203.00890919005118,203.150613947082,297669
2023-12-12,196.12668467472196,196.44235735925744,194.62953811059023,196.11996027151673,726377
2023-12-13,199.73358858850247,199.94931576932797,199.2551498681753,199.69130895093562,288098
2023-12-14,200.74052999857295,201.40999615412414,200.7572671955196,200.98558798976688,738585
2023-12-15,204.32106106804167,205.2302451791374,203.1745357677081,204.33374530288347,392141
2023-12-16,203.9173936116396,203.89860228659913,203.21559411805546,203.89403336812455,456544
2023-12-17,206.3572772983995,206.86693755259788,205.82453460849698,206.20452187102228,395010
2023-12-18,205.87353679441048,206.47981898852666,204.9654613046635,205.9036435106865,889784
2023-12-19,194.8137327251985,194.96100271263094,194.79395736466722,194.80222482281823,960931
2023-12-20,202.73132569516378,202.92537093953158,202.67168626545956,202.81343890241388,499912
2023-12-21,200.73558481870228,201.440192615669,200.26439799921584,200.7595694934396,383172
2023-12-22,202.89268585405063,202.73590261679746,201.6834919906227,202.7338442341422,680736
2023-12-23,199.59009926189037,200.58114560579978,199.69579481651115,199.7423817741207,901159
2023-12-24,196.89101262717273,197.82667233187524,196.48371828083432,196.9246426864168,539739
2023-12-25,202.52147744273822,202.63100741315662,202.40036401257694,202.5506569561161,931098
2023-12-26,202.64717386820718,203.32315914334214,202.684465831082,202.71022735238788,709995
2023-12-27,208.20844906710747,208.44542901937345,207.8400772031919,208.27476463541515,320904
2023-12-28,209.8818292846848,210.63958166665614,209.6061033382853,210.02408462443404,826334
2023-12-29,209.1375047901691,209.43413868701174,208.89714103860703,209.22215834056098,767203
2023-12-30,217.9944782468861,218.4547252212597,217.738757386883,217.98866916862897,317866
2023-12-31,216.45151899154538,217.229789187314,215.85303807236022,216.47994176969004,249220
2024-01-01,220.5350061172083,221.28046754717593,220.23854852719765,220.36220927051852,334410
